{"cameraMode":{"drawMode":0,"name":"Shaded","section":"Shading Mode"},"sceneLighting":true,"audioPlay":false,"sceneViewState":{"showFog":true,"showMaterialUpdate":false,"showSkybox":true,"showFlares":true,"showImageEffects":true,"showParticleSystems":true},"in2DMode":false,"pivot":{"x":-2.3020334243774416,"y":3.5463147163391115,"z":-39.629371643066409},"rotation":{"x":-0.14140498638153077,"y":0.7273949980735779,"z":-0.15754593908786775,"w":-0.6527667045593262},"size":112.95248413085938,"orthographic":false}