{"cameraMode":{"drawMode":0,"name":"Shaded","section":"Shading Mode"},"sceneLighting":false,"audioPlay":false,"sceneViewState":{"showFog":true,"showMaterialUpdate":false,"showSkybox":false,"showFlares":true,"showImageEffects":true,"showParticleSystems":true},"in2DMode":false,"pivot":{"x":2.999999761581421,"y":0.4498114585876465,"z":-15.484976768493653},"rotation":{"x":0.303603857755661,"y":0.47050586342811587,"z":-0.1764610856771469,"w":0.8095152378082275},"size":9.411978721618653,"orthographic":false}